{
  "name": "imdb",
  "base": "PersistedModel",
  "idInjection": true,
  "options": {
    "validateUpsert": true
  },
  "properties": {
    "id": {
      "type": "number",
      "required": true
    },
    "name": {
      "type": "string",
      "required": true
    },
    "description": {
      "type": "string"
    },
    "active": {
      "type": "boolean",
      "default": true
    },
    "created_by": {
      "type": "string",
      "required": true
    },
    "created_at": {
      "type": "date",
      "required": true
    },
    "updated_at": {
      "type": "date"
    },
    "metadata": {
      "type": "object"
    }
  },
  "validations": [],
  "relations": {},
  "acls": [],
  "methods": {}
}
